"order_purchase_date","orders_count","customers_making_orders_count","revenue_usd","average_revenue_per_order_usd","top_3_product_categories_by_revenue","top_3_product_categories_revenue_percentage"
2018-10-17,1,1.00,,,,
2018-10-16,1,0.00,,,,
2018-10-03,1,0.00,,,,
2018-10-01,1,1.00,,,,
2018-09-29,1,0.00,,,,
2018-09-26,1,0.00,,,,
2018-09-25,1,0.00,,,,
2018-09-20,1,0.00,,,,
2018-09-17,1,1.00,,,,
2018-09-13,1,0.00,,,,
2018-09-12,1,1.00,,,,
2018-09-11,1,1.00,,,,
2018-09-10,1,0.00,,,,
2018-09-06,3,1.00,,,,
2018-09-03,4,2.00,,,,
2018-08-31,1,0.00,,,,
2018-08-30,4,1.00,,,,
2018-08-29,14,6.00,738.5500168800354,52.75,"beleza_saude, alimentos","70.78, 14.88"
2018-08-28,44,18.00,2388.150016784668,54.28,"moveis_escritorio, cama_mesa_banho","29.85, 17.45"
2018-08-27,67,28.00,2835.9699811935425,42.33,"utilidades_domesticas, portateis_cozinha_e_preparadores_de_alimentos","26.01, 18.26"
2018-08-26,73,25.00,3160.9499835968018,43.30,"beleza_saude, esporte_lazer","23.71, 17.90"
2018-08-25,69,26.00,3312.220002412796,48.00,"beleza_saude, agro_industria_e_comercio","33.07, 13.28"
2018-08-24,99,40.00,3871.45001745224,39.11,"utilidades_domesticas, construcao_ferramentas_construcao","17.10, 12.11"
2018-08-23,144,61.00,4745.0800132751465,32.95,"beleza_saude, utilidades_domesticas","22.41, 7.85"
2018-08-22,187,79.00,8458.479959487915,45.23,"relogios_presentes, cama_mesa_banho","17.68, 10.58"
2018-08-21,243,89.00,10610.529982566833,43.66,"beleza_saude, utilidades_domesticas","20.79, 7.97"
2018-08-20,256,104.00,14036.409993171692,54.83,"beleza_saude, utilidades_domesticas","18.01, 8.83"
2018-08-19,204,71.00,12864.500071525574,63.06,"beleza_saude, construcao_ferramentas_construcao","26.41, 18.41"
2018-08-18,198,82.00,10169.340052604675,51.36,"relogios_presentes, eletroportateis","15.18, 9.83"
2018-08-17,257,95.00,14919.330023765564,58.05,"automotivo, beleza_saude","27.12, 14.51"
2018-08-16,320,130.00,15305.659997940063,47.83,"relogios_presentes, beleza_saude","18.23, 18.07"
2018-08-15,288,103.00,14007.619902610779,48.64,"utilidades_domesticas, beleza_saude","9.52, 8.86"
2018-08-14,316,115.00,17139.260011672974,54.24,"automotivo, beleza_saude","22.64, 14.28"
2018-08-13,292,115.00,10249.009973526001,35.10,"beleza_saude, relogios_presentes","23.43, 10.82"
2018-08-12,197,74.00,14294.7000207901,72.56,"beleza_saude, relogios_presentes","18.43, 14.46"
2018-08-11,188,85.00,7267.020037651062,38.65,"relogios_presentes, beleza_saude","16.66, 15.77"
2018-08-10,256,88.00,9856.499954223633,38.50,"esporte_lazer, cama_mesa_banho","13.36, 10.34"
2018-08-09,289,113.00,17263.990091323853,59.74,"utilidades_domesticas, relogios_presentes","16.17, 14.40"
2018-08-08,316,127.00,15204.109937667847,48.11,"automotivo, moveis_decoracao","16.52, 9.75"
2018-08-07,370,133.00,20127.39994621277,54.40,"beleza_saude, cama_mesa_banho","15.25, 8.33"
2018-08-06,372,147.00,20615.85005092621,55.42,"beleza_saude, relogios_presentes","16.08, 10.68"
2018-08-05,276,105.00,13539.14997291565,49.05,"beleza_saude, cama_mesa_banho","15.33, 9.67"
2018-08-04,245,98.00,12469.989967346191,50.90,"eletrodomesticos_2, cama_mesa_banho","13.40, 11.52"
2018-08-03,314,127.00,12711.929962158203,40.48,"beleza_saude, automotivo","12.84, 7.90"
2018-08-02,302,95.00,17886.37999343872,59.23,"moveis_decoracao, beleza_saude","12.52, 11.21"
2018-08-01,311,125.00,17561.320030212402,56.47,"beleza_saude, relogios_presentes","16.73, 13.64"
2018-07-31,322,114.00,14245.770030975342,44.24,"utilidades_domesticas, beleza_saude","20.50, 11.09"
2018-07-30,288,92.00,15640.280044555664,54.31,"utilidades_domesticas, automotivo","15.89, 12.65"
2018-07-29,188,77.00,13003.460006713867,69.17,"esporte_lazer, bebes","33.12, 8.39"
2018-07-28,176,73.00,9267.270002365112,52.65,"perfumaria, beleza_saude","13.37, 11.74"
2018-07-27,189,73.00,11411.209984779358,60.38,"automotivo, pet_shop","20.03, 13.92"
2018-07-26,247,78.00,14714.510033607483,59.57,"relogios_presentes, beleza_saude","28.23, 11.00"
2018-07-25,268,92.00,18154.71996498108,67.74,"pcs, perfumaria","37.06, 6.87"
2018-07-24,271,102.00,12742.41001701355,47.02,"construcao_ferramentas_ferramentas, beleza_saude","14.90, 13.41"
2018-07-23,307,114.00,15493.760055541992,50.47,"moveis_decoracao, automotivo","16.45, 9.22"
2018-07-22,215,89.00,10409.240008831024,48.42,"eletronicos, cama_mesa_banho","19.45, 11.39"
2018-07-21,187,77.00,7449.619956970215,39.84,"beleza_saude, relogios_presentes","17.46, 12.87"
2018-07-20,250,105.00,11522.870127677917,46.09,"beleza_saude, telefonia","15.52, 14.53"
2018-07-19,253,101.00,14408.05998134613,56.95,"telefonia, beleza_saude","14.98, 10.67"
2018-07-18,307,96.00,18037.540095329285,58.75,"beleza_saude, automotivo","21.04, 11.89"
2018-07-17,221,79.00,12659.360005378723,57.28,"automotivo, construcao_ferramentas_ferramentas","18.53, 17.36"
2018-07-16,245,102.00,13208.769933223724,53.91,"relogios_presentes, beleza_saude","17.98, 13.83"
2018-07-15,152,47.00,9338.039991378784,61.43,"beleza_saude, relogios_presentes","23.23, 18.24"
2018-07-14,148,57.00,9633.230023384094,65.09,"esporte_lazer, relogios_presentes","18.75, 13.11"
2018-07-13,168,61.00,12808.569960594177,76.24,"beleza_saude, relogios_presentes","27.74, 16.17"
2018-07-12,124,41.00,13806.699848175049,111.34,"cool_stuff, relogios_presentes","50.94, 14.29"
2018-07-11,127,45.00,7603.659965515137,59.87,"relogios_presentes, instrumentos_musicais","19.59, 12.88"
2018-07-10,134,48.00,4680.320026397705,34.93,"relogios_presentes, beleza_saude","22.10, 19.12"
2018-07-09,148,55.00,6041.829990386963,40.82,", beleza_saude","11.89, 10.38"
2018-07-08,122,48.00,4221.720009803772,34.60,"beleza_saude, esporte_lazer","17.36, 14.77"
2018-07-07,91,31.00,2185.0000190734863,24.01,"portateis_casa_forno_e_cafe, beleza_saude","36.38, 17.81"
2018-07-06,121,39.00,4386.299991607666,36.25,"beleza_saude, esporte_lazer","17.18, 13.09"
2018-07-05,195,57.00,9475.269976615906,48.59,"relogios_presentes, ferramentas_jardim","21.14, 13.21"
2018-07-04,256,96.00,16088.209980010986,62.84,"cama_mesa_banho, informatica_acessorios","11.60, 11.34"
2018-07-03,216,77.00,10718.769998550415,49.62,"esporte_lazer, beleza_saude","22.26, 13.76"
2018-07-02,195,85.00,8665.740019798279,44.44,"sinalizacao_e_seguranca, informatica_acessorios","12.12, 11.41"
2018-07-01,161,63.00,9250.150007247925,57.45,"esporte_lazer, relogios_presentes","20.27, 18.13"
2018-06-30,124,48.00,4248.900022506714,34.27,"esporte_lazer, pcs","16.69, 13.18"
2018-06-29,174,69.00,7055.899931907654,40.55,"moveis_decoracao, informatica_acessorios","23.74, 12.40"
2018-06-28,243,96.00,11200.360045433044,46.09,"utilidades_domesticas, esporte_lazer","15.05, 12.84"
2018-06-27,215,76.00,8488.069986820221,39.48,"beleza_saude, relogios_presentes","15.53, 10.48"
2018-06-26,243,96.00,11762.999977111816,48.41,"cama_mesa_banho, relogios_presentes","13.52, 13.10"
2018-06-25,241,78.00,12602.509997367859,52.29,"relogios_presentes, automotivo","21.89, 13.83"
2018-06-24,199,68.00,10289.889947891235,51.71,"eletrodomesticos_2, beleza_saude","20.51, 12.39"
2018-06-23,151,52.00,5376.2299909591675,35.60,"beleza_saude, cama_mesa_banho","21.49, 11.51"
2018-06-22,179,76.00,7538.510013580322,42.11,"cama_mesa_banho, relogios_presentes","13.96, 12.65"
2018-06-21,234,88.00,11067.889943122864,47.30,"automotivo, beleza_saude","16.91, 13.76"
2018-06-20,217,82.00,9999.520020484924,46.08,"cama_mesa_banho, beleza_saude","12.05, 11.41"
2018-06-19,231,90.00,12944.66000175476,56.04,"esporte_lazer, cama_mesa_banho","12.47, 10.21"
2018-06-18,246,97.00,13042.46996307373,53.02,"beleza_saude, relogios_presentes","23.53, 19.66"
2018-06-17,152,63.00,7320.089992523193,48.16,"construcao_ferramentas_construcao, relogios_presentes","29.55, 12.84"
2018-06-16,165,66.00,9011.760058403015,54.62,"esporte_lazer, beleza_saude","19.84, 19.08"
2018-06-15,186,64.00,11273.189999580383,60.61,"beleza_saude, construcao_ferramentas_construcao","15.26, 13.81"
2018-06-14,212,92.00,11180.169961929321,52.74,"beleza_saude, cama_mesa_banho","21.53, 9.87"
2018-06-13,259,86.00,11737.399959564209,45.32,"beleza_saude, bebes","28.08, 8.68"
2018-06-12,246,94.00,13592.910026550293,55.26,"instrumentos_musicais, telefonia","15.79, 13.00"
2018-06-11,294,90.00,16353.799980163574,55.63,"beleza_saude, utilidades_domesticas","17.88, 14.40"
2018-06-10,193,79.00,8597.210001468658,44.55,"beleza_saude, eletroportateis","15.81, 13.95"
2018-06-09,172,55.00,8095.5099811553955,47.07,"cama_mesa_banho, beleza_saude","18.73, 15.26"
2018-06-08,198,70.00,10383.43996143341,52.44,"beleza_saude, relogios_presentes","23.37, 8.83"
2018-06-07,223,82.00,17433.350013256073,78.18,"beleza_saude, consoles_games","20.21, 18.34"
2018-06-06,227,104.00,9804.220032691956,43.19,"beleza_saude, relogios_presentes","19.80, 17.05"
2018-06-05,200,86.00,8627.46997833252,43.14,"climatizacao, brinquedos","15.42, 9.49"
2018-06-04,225,76.00,10324.00000667572,45.88,"beleza_saude, cama_mesa_banho","15.34, 10.86"
2018-06-03,192,67.00,10309.970028877258,53.70,"beleza_saude, pet_shop","23.06, 10.89"
2018-06-02,142,67.00,6589.600008010864,46.41,"relogios_presentes, automotivo","24.08, 21.39"
2018-06-01,184,62.00,9144.60996055603,49.70,"beleza_saude, relogios_presentes","11.06, 11.04"
2018-05-31,133,46.00,10798.139998435974,81.19,"relogios_presentes, beleza_saude","52.62, 13.22"
2018-05-30,140,52.00,6253.880006790161,44.67,"cama_mesa_banho, relogios_presentes","21.96, 9.43"
2018-05-29,149,44.00,10376.819972991943,69.64,"beleza_saude, moveis_decoracao","35.67, 9.71"
2018-05-28,143,56.00,15056.599983215332,105.29,"bebes, relogios_presentes","14.03, 11.74"
2018-05-27,100,41.00,5107.8899974823,51.08,"utilidades_domesticas, cama_mesa_banho","34.73, 12.42"
2018-05-26,99,37.00,4962.350021362305,50.12,"beleza_saude, cama_mesa_banho","31.50, 14.67"
2018-05-25,104,38.00,6996.970004081726,67.28,"pcs, construcao_ferramentas_construcao","33.87, 28.16"
2018-05-24,114,46.00,10982.659982681274,96.34,"portateis_casa_forno_e_cafe, eletroportateis","16.38, 16.16"
2018-05-23,132,38.00,6778.630007743835,51.35,"moveis_escritorio, eletrodomesticos_2","17.55, 15.93"
2018-05-22,199,62.00,9102.659986495972,45.74,"beleza_saude, cama_mesa_banho","17.24, 13.87"
2018-05-21,206,75.00,9628.110038280487,46.74,"relogios_presentes, beleza_saude","20.93, 13.59"
2018-05-20,161,53.00,7448.269966125488,46.26,"telefonia, cama_mesa_banho","11.40, 11.28"
2018-05-19,139,60.00,8519.940048217773,61.29,"beleza_saude, eletroportateis","23.10, 16.42"
2018-05-18,236,80.00,12739.920020103455,53.98,"relogios_presentes, automotivo","12.43, 11.03"
2018-05-17,228,91.00,12506.99997138977,54.86,"beleza_saude, ferramentas_jardim","12.80, 9.01"
2018-05-16,357,125.00,23282.91991710663,65.22,"cama_mesa_banho, beleza_saude","15.13, 14.69"
2018-05-15,352,120.00,14365.799996376038,40.81,"utilidades_domesticas, esporte_lazer","17.79, 15.79"
2018-05-14,364,123.00,20720.949931144714,56.93,"instrumentos_musicais, cama_mesa_banho","17.80, 8.24"
2018-05-13,207,84.00,10442.410016059875,50.45,"relogios_presentes, construcao_ferramentas_construcao","16.06, 15.08"
2018-05-12,207,74.00,10149.35998916626,49.03,"relogios_presentes, automotivo","34.26, 11.70"
2018-05-11,247,86.00,10123.659989356995,40.99,"beleza_saude, relogios_presentes","25.88, 10.08"
2018-05-10,279,102.00,19873.810064792633,71.23,"informatica_acessorios, relogios_presentes","16.07, 12.68"
2018-05-09,344,127.00,16582.56995201111,48.21,"beleza_saude, brinquedos","14.11, 11.23"
2018-05-08,331,124.00,16783.709941864014,50.71,"beleza_saude, relogios_presentes","21.80, 12.83"
2018-05-07,372,128.00,17029.130039215088,45.78,"beleza_saude, relogios_presentes","17.58, 13.69"
2018-05-06,211,75.00,10521.760011672974,49.87,"beleza_saude, moveis_decoracao","11.52, 11.18"
2018-05-05,197,78.00,10739.819982528687,54.52,"brinquedos, beleza_saude","13.78, 12.97"
2018-05-04,265,83.00,15252.940007209778,57.56,"relogios_presentes, eletrodomesticos_2","16.29, 13.83"
2018-05-03,305,103.00,16725.730043411255,54.84,"relogios_presentes, fashion_bolsas_e_acessorios","17.56, 13.74"
2018-05-02,296,118.00,12236.769995689392,41.34,"relogios_presentes, utilidades_domesticas","13.98, 12.57"
2018-05-01,256,102.00,13911.86998462677,54.34,"esporte_lazer, cama_mesa_banho","24.86, 9.86"
2018-04-30,240,84.00,12713.289986610413,52.97,"beleza_saude, portateis_casa_forno_e_cafe","15.51, 11.79"
2018-04-29,171,70.00,7870.599970817566,46.03,"esporte_lazer, relogios_presentes","18.58, 15.32"
2018-04-28,169,63.00,6081.730051994324,35.99,"relogios_presentes, cama_mesa_banho","14.81, 9.83"
2018-04-27,242,87.00,11028.580033898354,45.57,"beleza_saude, brinquedos","9.25, 9.12"
2018-04-26,254,108.00,12433.480051994324,48.95,"beleza_saude, esporte_lazer","22.32, 12.44"
2018-04-25,284,111.00,14270.90994644165,50.25,"instrumentos_musicais, beleza_saude","13.24, 11.91"
2018-04-24,271,87.00,15589.639959335327,57.53,"relogios_presentes, beleza_saude","15.68, 13.92"
2018-04-23,285,115.00,18566.329958438873,65.15,"moveis_decoracao, instrumentos_musicais","14.51, 10.18"
2018-04-22,200,94.00,13106.909986495972,65.53,"bebes, cama_mesa_banho","17.58, 12.77"
2018-04-21,156,66.00,7563.740006446838,48.49,"beleza_saude, construcao_ferramentas_construcao","18.16, 17.17"
2018-04-20,197,61.00,13601.340045452118,69.04,"relogios_presentes, beleza_saude","25.82, 12.24"
2018-04-19,293,107.00,18589.819922447205,63.45,"bebidas, ferramentas_jardim","16.29, 13.52"
2018-04-18,280,101.00,13079.949986457825,46.71,"informatica_acessorios, relogios_presentes","14.26, 8.46"
2018-04-17,266,91.00,14646.420024871826,55.06,"bebes, cama_mesa_banho","17.16, 13.09"
2018-04-16,280,104.00,15597.270017623901,55.70,"automotivo, eletrodomesticos_2","13.34, 9.99"
2018-04-15,223,88.00,15068.420000076294,67.57,"beleza_saude, eletrodomesticos","13.97, 12.47"
2018-04-14,146,49.00,5568.479963302612,38.14,"utilidades_domesticas, relogios_presentes","24.20, 15.23"
2018-04-13,202,57.00,13314.480065345764,65.91,"beleza_saude, cama_mesa_banho","15.99, 14.45"
2018-04-12,255,95.00,11298.819995880127,44.31,"esporte_lazer, ferramentas_jardim","15.34, 13.72"
2018-04-11,274,104.00,12081.429999351501,44.09,"relogios_presentes, cama_mesa_banho","11.31, 9.63"
2018-04-10,201,85.00,8689.86997127533,43.23,"bebes, esporte_lazer","10.98, 8.79"
2018-04-09,253,93.00,17752.079947948456,70.17,"bebes, automotivo","20.58, 12.62"
2018-04-08,185,73.00,6767.800010681152,36.58,"cama_mesa_banho, relogios_presentes","21.39, 15.42"
2018-04-07,164,61.00,7645.619957923889,46.62,"eletroportateis, cama_mesa_banho","22.94, 13.79"
2018-04-06,189,64.00,12988.779968261719,68.72,"portateis_casa_forno_e_cafe, informatica_acessorios","19.85, 18.35"
2018-04-05,266,107.00,12158.029892921448,45.71,"beleza_saude, esporte_lazer","32.94, 9.76"
2018-04-04,257,87.00,11695.640000343323,45.51,"beleza_saude, informatica_acessorios","16.65, 12.73"
2018-04-03,247,83.00,13418.009922027588,54.32,"relogios_presentes, bebes","19.84, 13.97"
2018-04-02,282,111.00,16190.529960632324,57.41,"esporte_lazer, informatica_acessorios","17.63, 9.94"
2018-04-01,207,74.00,13222.33999824524,63.88,"beleza_saude, bebes","17.01, 9.47"
2018-03-31,168,54.00,9947.060020446777,59.21,"relogios_presentes, cama_mesa_banho","14.80, 10.54"
2018-03-30,165,61.00,7056.379976272583,42.77,"moveis_escritorio, moveis_decoracao","16.14, 10.80"
2018-03-29,194,60.00,10881.430015563965,56.09,"portateis_casa_forno_e_cafe, relogios_presentes","16.53, 12.27"
2018-03-28,220,85.00,13883.899984359741,63.11,"informatica_acessorios, instrumentos_musicais","16.66, 15.23"
2018-03-27,245,82.00,10838.079964637756,44.24,"esporte_lazer, cama_mesa_banho","12.73, 11.32"
2018-03-26,272,109.00,11489.259994506836,42.24,"automotivo, moveis_decoracao","10.38, 9.05"
2018-03-25,190,86.00,10699.319986343384,56.31,"bebes, eletroportateis","19.30, 13.72"
2018-03-24,165,67.00,10403.770030021667,63.05,"bebes, relogios_presentes","20.71, 17.85"
2018-03-23,221,97.00,9004.830018997192,40.75,"beleza_saude, informatica_acessorios","19.02, 15.96"
2018-03-22,254,80.00,11933.40000963211,46.98,"cama_mesa_banho, automotivo","13.38, 11.15"
2018-03-21,286,119.00,16273.859996795654,56.90,"relogios_presentes, ferramentas_jardim","25.78, 9.80"
2018-03-20,297,114.00,14218.389950752258,47.87,"esporte_lazer, relogios_presentes","12.72, 9.63"
2018-03-19,303,115.00,15899.54998254776,52.47,"informatica_acessorios, utilidades_domesticas","12.81, 8.91"
2018-03-18,215,74.00,11508.21994972229,53.53,"cama_mesa_banho, automotivo","15.13, 11.89"
2018-03-17,180,74.00,8299.059963226318,46.11,"cama_mesa_banho, relogios_presentes","22.36, 11.13"
2018-03-16,252,82.00,13904.920080184937,55.18,"beleza_saude, bebes","14.66, 10.60"
2018-03-15,290,117.00,18321.55006313324,63.18,"relogios_presentes, eletronicos","18.91, 13.85"
2018-03-14,199,71.00,7218.03999042511,36.27,"agro_industria_e_comercio, relogios_presentes","12.16, 11.72"
2018-03-13,227,79.00,15071.879955291748,66.40,"beleza_saude, relogios_presentes","13.35, 11.74"
2018-03-12,232,92.00,9822.160054206848,42.34,"esporte_lazer, informatica_acessorios","13.51, 11.34"
2018-03-11,218,83.00,17179.530025482178,78.81,"utilidades_domesticas, esporte_lazer","14.69, 10.45"
2018-03-10,193,69.00,9263.170011520386,48.00,"automotivo, beleza_saude","18.57, 13.62"
2018-03-09,204,72.00,8659.89003944397,42.45,"relogios_presentes, beleza_saude","18.17, 17.11"
2018-03-08,234,92.00,10331.350078582764,44.15,"beleza_saude, esporte_lazer","16.48, 15.08"
2018-03-07,259,88.00,11919.07994556427,46.02,"informatica_acessorios, moveis_escritorio","12.55, 10.44"
2018-03-06,271,87.00,17637.770146369934,65.08,"beleza_saude, informatica_acessorios","22.93, 13.76"
2018-03-05,264,109.00,11832.300039291382,44.82,"esporte_lazer, eletrodomesticos","16.36, 14.82"
2018-03-04,236,92.00,13042.479994773865,55.26,"esporte_lazer, ferramentas_jardim","14.41, 9.56"
2018-03-03,214,85.00,10616.81998538971,49.61,"relogios_presentes, beleza_saude","17.37, 12.05"
2018-03-02,266,89.00,12570.320044517517,47.26,"informatica_acessorios, relogios_presentes","14.76, 11.23"
2018-03-01,277,103.00,15238.109991073608,55.01,"beleza_saude, bebes","14.57, 9.74"
2018-02-28,313,119.00,17924.960092544556,57.27,"relogios_presentes, bebes","15.21, 11.56"
2018-02-27,298,113.00,13925.74003314972,46.73,"informatica_acessorios, beleza_saude","18.81, 13.77"
2018-02-26,299,109.00,17441.57002067566,58.33,"informatica_acessorios, beleza_saude","13.04, 12.56"
2018-02-25,237,87.00,11604.14002418518,48.96,"moveis_sala, beleza_saude","11.89, 11.53"
2018-02-24,191,69.00,8268.399960517883,43.29,"esporte_lazer, relogios_presentes","15.65, 14.21"
2018-02-23,235,78.00,11976.819965362549,50.97,"informatica_acessorios, esporte_lazer","12.71, 11.14"
2018-02-22,279,107.00,14555.200031280518,52.17,"informatica_acessorios, beleza_saude","21.80, 15.15"
2018-02-21,266,108.00,14643.220002174377,55.05,"relogios_presentes, informatica_acessorios","18.94, 17.05"
2018-02-20,289,107.00,11331.370012283325,39.21,"informatica_acessorios, beleza_saude","16.47, 8.38"
2018-02-19,259,91.00,11007.230012893677,42.50,"informatica_acessorios, esporte_lazer","21.84, 10.67"
2018-02-18,202,78.00,7318.150032043457,36.23,"informatica_acessorios, cama_mesa_banho","32.02, 7.77"
2018-02-17,204,87.00,10669.280004501343,52.30,"relogios_presentes, informatica_acessorios","16.58, 16.07"
2018-02-16,214,76.00,8170.529993057251,38.18,"moveis_decoracao, informatica_acessorios","20.01, 11.92"
2018-02-15,283,99.00,11959.540071487427,42.26,"beleza_saude, automotivo","20.10, 15.00"
2018-02-14,295,120.00,13336.989986419678,45.21,"beleza_saude, perfumaria","18.97, 8.71"
2018-02-13,224,84.00,7861.430038452148,35.10,"esporte_lazer, beleza_saude","17.57, 15.20"
2018-02-12,218,77.00,9149.06002998352,41.97,"cama_mesa_banho, cool_stuff","11.60, 10.95"
2018-02-11,172,57.00,7406.880045890808,43.06,"esporte_lazer, beleza_saude","28.04, 20.38"
2018-02-10,179,71.00,7158.589977264404,39.99,"relogios_presentes, cama_mesa_banho","11.73, 9.48"
2018-02-09,216,81.00,11040.449996948242,51.11,"automotivo, beleza_saude","17.88, 10.83"
2018-02-08,230,79.00,10074.670023918152,43.80,"informatica_acessorios, relogios_presentes","14.83, 12.04"
2018-02-07,248,100.00,11050.039972305298,44.56,"informatica_acessorios, beleza_saude","26.46, 13.67"
2018-02-06,268,92.00,14600.77004814148,54.48,"perfumaria, esporte_lazer","13.91, 12.22"
2018-02-05,271,102.00,14755.359987258911,54.45,"beleza_saude, cama_mesa_banho","14.48, 11.08"
2018-02-04,201,84.00,12810.3099527359,63.73,"esporte_lazer, relogios_presentes","11.88, 11.76"
2018-02-03,193,68.00,7977.300019264221,41.33,"relogios_presentes, cama_mesa_banho","21.16, 13.62"
2018-02-02,212,80.00,9124.89001584053,43.04,"automotivo, informatica_acessorios","17.51, 15.74"
2018-02-01,232,97.00,11418.380023956299,49.22,"relogios_presentes, informatica_acessorios","17.79, 12.23"
2018-01-31,256,94.00,11819.790029525757,46.17,"informatica_acessorios, cama_mesa_banho","11.66, 8.96"
2018-01-30,258,104.00,12203.820041656494,47.30,"cama_mesa_banho, eletrodomesticos_2","16.10, 14.50"
2018-01-29,246,84.00,14217.860023498535,57.80,"esporte_lazer, cama_mesa_banho","18.54, 11.35"
2018-01-28,156,59.00,9839.309987068176,63.07,"instrumentos_musicais, cama_mesa_banho","23.03, 8.59"
2018-01-27,153,54.00,8027.040018081665,52.46,"beleza_saude, cool_stuff","22.39, 16.37"
2018-01-26,229,88.00,11892.370009422302,51.93,"esporte_lazer, beleza_saude","40.84, 10.13"
2018-01-25,233,87.00,12062.610039710999,51.77,"esporte_lazer, ferramentas_jardim","14.04, 12.44"
2018-01-24,244,101.00,7475.240009307861,30.64,"relogios_presentes, moveis_decoracao","16.04, 10.95"
2018-01-23,262,95.00,10669.780002593994,40.72,"bebes, beleza_saude","14.79, 14.17"
2018-01-22,314,120.00,9856.230032920837,31.39,"informatica_acessorios, ferramentas_jardim","21.04, 16.65"
2018-01-21,199,73.00,8443.169981002808,42.43,"automotivo, beleza_saude","19.92, 10.56"
2018-01-20,184,81.00,8320.479999542236,45.22,"beleza_saude, perfumaria","11.97, 9.34"
2018-01-19,235,106.00,11067.910031318665,47.10,"relogios_presentes, moveis_decoracao","16.72, 8.75"
2018-01-18,241,91.00,11611.860011100769,48.18,"esporte_lazer, construcao_ferramentas_iluminacao","13.43, 11.11"
2018-01-17,282,106.00,15876.720024108887,56.30,"esporte_lazer, beleza_saude","14.40, 10.58"
2018-01-16,302,135.00,17901.760068893433,59.28,"esporte_lazer, informatica_acessorios","18.42, 10.53"
2018-01-15,307,117.00,15925.94000530243,51.88,"utilidades_domesticas, esporte_lazer","14.17, 13.29"
2018-01-14,235,84.00,11399.040042877197,48.51,"relogios_presentes, esporte_lazer","33.68, 9.37"
2018-01-13,219,81.00,9739.040006637573,44.47,"utilidades_domesticas, bebes","13.00, 12.05"
2018-01-12,243,89.00,13432.9300699234,55.28,"relogios_presentes, esporte_lazer","22.81, 9.83"
2018-01-11,266,83.00,14931.020010948181,56.13,"esporte_lazer, cama_mesa_banho","18.31, 12.21"
2018-01-10,277,118.00,14762.060064315796,53.29,"informatica_acessorios, climatizacao","12.90, 10.53"
2018-01-09,252,94.00,13023.100011825562,51.68,"beleza_saude, informatica_acessorios","17.61, 8.74"
2018-01-08,293,118.00,15520.400011062622,52.97,"bebes, cama_mesa_banho","13.17, 12.72"
2018-01-07,196,75.00,12727.510011672974,64.94,"eletrodomesticos_2, cama_mesa_banho","16.88, 15.69"
2018-01-06,216,79.00,10347.960036277771,47.91,"informatica_acessorios, cama_mesa_banho","14.94, 14.43"
2018-01-05,210,90.00,9698.41997718811,46.18,"relogios_presentes, moveis_decoracao","14.01, 10.60"
2018-01-04,258,96.00,15660.580066680908,60.70,"cool_stuff, informatica_acessorios","10.01, 7.72"
2018-01-03,225,100.00,8818.140033721924,39.19,"relogios_presentes, cama_mesa_banho","9.22, 9.00"
2018-01-02,204,67.00,7739.040057182312,37.94,"beleza_saude, bebes","13.89, 11.63"
2018-01-01,74,31.00,1619.020004272461,21.88,"beleza_saude, moveis_quarto","29.64, 11.43"
2017-12-31,74,27.00,2391.7500171661377,32.32,", malas_acessorios","14.68, 13.17"
2017-12-30,97,36.00,3405.3900051116943,35.11,"sinalizacao_e_seguranca, cama_mesa_banho","19.67, 12.85"
2017-12-29,135,53.00,6852.380020141602,50.76,"relogios_presentes, informatica_acessorios","26.74, 15.58"
2017-12-28,146,53.00,6128.020017623901,41.97,"cama_mesa_banho, relogios_presentes","15.25, 15.23"
2017-12-27,167,54.00,7879.11004781723,47.18,"utilidades_domesticas, ","20.89, 9.83"
2017-12-26,168,59.00,8080.960010528564,48.10,"construcao_ferramentas_construcao, brinquedos","17.13, 9.58"
2017-12-25,90,33.00,4697.869993209839,52.20,"brinquedos, relogios_presentes","41.25, 13.96"
2017-12-24,59,23.00,2013.159999847412,34.12,"cool_stuff, bebes","22.05, 10.93"
2017-12-23,109,39.00,4875.540036201477,44.73,"brinquedos, automotivo","15.44, 13.52"
2017-12-22,111,50.00,7402.0099992752075,66.68,"agro_industria_e_comercio, relogios_presentes","29.71, 18.50"
2017-12-21,143,60.00,7834.400007247925,54.79,"informatica_acessorios, automotivo","35.80, 9.05"
2017-12-20,171,56.00,11317.25001335144,66.18,"eletroportateis, informatica_acessorios","11.35, 10.59"
2017-12-19,176,54.00,6800.019989967346,38.64,"esporte_lazer, relogios_presentes","18.67, 14.38"
2017-12-18,209,80.00,11066.530005455017,52.95,"automotivo, relogios_presentes","14.24, 12.96"
2017-12-17,133,48.00,9183.6599817276,69.05,"beleza_saude, moveis_decoracao","37.06, 9.30"
2017-12-16,131,62.00,8873.839994430542,67.74,"pcs, relogios_presentes","28.60, 20.44"
2017-12-15,192,79.00,11337.419965744019,59.05,"informatica_acessorios, beleza_saude","16.36, 12.78"
2017-12-14,200,70.00,8250.670004844666,41.25,"automotivo, informatica_acessorios","17.46, 10.48"
2017-12-13,218,83.00,12082.699924468994,55.43,"relogios_presentes, informatica_acessorios","10.40, 9.24"
2017-12-12,260,79.00,12616.149935722351,48.52,"cama_mesa_banho, brinquedos","10.72, 10.33"
2017-12-11,267,95.00,13146.780015945435,49.24,"esporte_lazer, brinquedos","22.38, 21.42"
2017-12-10,190,69.00,8970.299983978271,47.21,"brinquedos, eletroportateis","10.09, 7.66"
2017-12-09,155,55.00,9825.330017089844,63.39,"esporte_lazer, cool_stuff","15.79, 13.22"
2017-12-08,219,86.00,13176.79999256134,60.17,"informatica_acessorios, esporte_lazer","14.28, 11.97"
2017-12-07,229,82.00,10459.35000038147,45.67,"pcs, esporte_lazer","17.18, 11.87"
2017-12-06,280,89.00,16199.059967517853,57.85,"beleza_saude, brinquedos","12.59, 11.83"
2017-12-05,282,84.00,15693.870025634766,55.65,"cool_stuff, brinquedos","16.88, 11.22"
2017-12-04,337,120.00,16565.68991279602,49.16,"brinquedos, beleza_saude","17.00, 9.21"
2017-12-03,234,91.00,11185.429964065552,47.80,"cama_mesa_banho, brinquedos","13.13, 11.30"
2017-12-02,216,66.00,13390.820085525513,61.99,"relogios_presentes, beleza_saude","19.15, 14.35"
2017-12-01,275,105.00,14997.039987564087,54.53,"esporte_lazer, beleza_saude","16.15, 12.50"
2017-11-30,267,108.00,10395.840005874634,38.94,"esporte_lazer, brinquedos","20.33, 13.33"
2017-11-29,323,119.00,13162.63998222351,40.75,"beleza_saude, moveis_decoracao","15.89, 8.66"
2017-11-28,380,142.00,14055.300035476685,36.99,"esporte_lazer, ferramentas_jardim","17.84, 9.92"
2017-11-27,403,171.00,16598.87001991272,41.19,"informatica_acessorios, beleza_saude","12.27, 9.42"
2017-11-26,391,146.00,13903.090041160583,35.56,"cama_mesa_banho, beleza_saude","19.38, 7.86"
2017-11-25,499,182.00,25284.119994163513,50.67,"cama_mesa_banho, beleza_saude","13.37, 11.39"
2017-11-24,1176,427.00,56310.70015048981,47.88,"cama_mesa_banho, relogios_presentes","13.24, 12.41"
2017-11-23,283,108.00,16178.919973373413,57.17,"relogios_presentes, informatica_acessorios","19.61, 14.61"
2017-11-22,201,87.00,10300.440013885498,51.25,"brinquedos, automotivo","8.25, 7.61"
2017-11-21,228,83.00,11294.340033531189,49.54,"informatica_acessorios, moveis_decoracao","18.50, 14.25"
2017-11-20,230,88.00,21400.43008995056,93.05,"cool_stuff, beleza_saude","17.33, 16.22"
2017-11-19,158,59.00,7801.010021209717,49.37,"brinquedos, beleza_saude","23.06, 17.41"
2017-11-18,149,49.00,8292.850043296814,55.66,"beleza_saude, cool_stuff","24.34, 15.54"
2017-11-17,197,65.00,10873.269960403442,55.19,"informatica_acessorios, relogios_presentes","21.66, 12.02"
2017-11-16,226,84.00,11286.929944992065,49.94,"esporte_lazer, pet_shop","19.53, 9.87"
2017-11-15,186,56.00,10858.559999465942,58.38,"ferramentas_jardim, instrumentos_musicais","10.84, 9.56"
2017-11-14,192,85.00,11634.660049438477,60.60,"cama_mesa_banho, ","20.06, 14.60"
2017-11-13,205,77.00,10370.71999168396,50.59,"relogios_presentes, beleza_saude","24.33, 11.93"
2017-11-12,174,82.00,6895.180011749268,39.63,"esporte_lazer, relogios_presentes","30.87, 14.46"
2017-11-11,159,59.00,10161.55010509491,63.91,"relogios_presentes, cool_stuff","16.63, 13.28"
2017-11-10,165,65.00,8238.470019817352,49.93,"esporte_lazer, cool_stuff","14.74, 10.11"
2017-11-09,191,71.00,10789.89997625351,56.49,"pcs, utilidades_domesticas","12.42, 11.14"
2017-11-08,175,67.00,7946.82000541687,45.41,"cama_mesa_banho, relogios_presentes","33.60, 14.94"
2017-11-07,160,66.00,7682.470031738281,48.02,"relogios_presentes, cama_mesa_banho","14.11, 13.64"
2017-11-06,193,68.00,11915.47006034851,61.74,", informatica_acessorios","15.06, 14.62"
2017-11-05,144,52.00,7522.160043716431,52.24,"cool_stuff, relogios_presentes","24.32, 13.24"
2017-11-04,111,51.00,7269.800107955933,65.49,"moveis_escritorio, cool_stuff","21.46, 15.38"
2017-11-03,143,52.00,9374.600034713745,65.56,"esporte_lazer, relogios_presentes","12.70, 11.89"
2017-11-02,124,55.00,7971.500093460083,64.29,"cool_stuff, pcs","22.15, 18.03"
2017-11-01,111,49.00,8706.770023345947,78.44,"relogios_presentes, pcs","21.05, 15.39"
2017-10-31,160,51.00,8455.750050544739,52.85,"pcs, informatica_acessorios","15.85, 14.71"
2017-10-30,149,56.00,6381.499996185303,42.83,"informatica_acessorios, esporte_lazer","26.40, 15.86"
2017-10-29,132,51.00,5214.080026626587,39.50,"pcs, ferramentas_jardim","25.70, 15.43"
2017-10-28,88,33.00,5002.740013122559,56.85,"beleza_saude, moveis_cozinha_area_de_servico_jantar_e_jardim","25.07, 22.55"
2017-10-27,133,48.00,8316.069986343384,62.53,"informatica_acessorios, relogios_presentes","24.31, 13.48"
2017-10-26,144,53.00,7528.020033836365,52.28,", relogios_presentes","26.42, 18.05"
2017-10-25,156,58.00,7268.560024261475,46.59,"moveis_escritorio, brinquedos","12.77, 10.51"
2017-10-24,164,62.00,8039.069989204407,49.02,"informatica_acessorios, relogios_presentes","19.40, 12.87"
2017-10-23,161,57.00,10825.909983158112,67.24,", esporte_lazer","18.37, 11.99"
2017-10-22,158,60.00,5516.909973144531,34.92,"esporte_lazer, cama_mesa_banho","33.39, 12.20"
2017-10-21,113,44.00,6952.650011062622,61.53,"moveis_decoracao, relogios_presentes","24.62, 14.51"
2017-10-20,124,46.00,5967.710012435913,48.13,"moveis_decoracao, relogios_presentes","15.33, 14.54"
2017-10-19,176,60.00,6242.410037994385,35.47,"cool_stuff, relogios_presentes","20.46, 13.59"
2017-10-18,179,68.00,9006.950016021729,50.32,"relogios_presentes, telefonia","17.57, 14.32"
2017-10-17,202,80.00,12151.180011749268,60.15,"cool_stuff, beleza_saude","14.07, 13.86"
2017-10-16,195,70.00,11356.320014953613,58.24,"relogios_presentes, cool_stuff","17.62, 13.21"
2017-10-15,121,52.00,5210.099962234497,43.06,"cama_mesa_banho, esporte_lazer","29.48, 11.88"
2017-10-14,116,42.00,3869.1000003814697,33.35,"informatica_acessorios, moveis_decoracao","11.83, 10.78"
2017-10-13,154,61.00,8177.089975357056,53.10,"informatica_acessorios, consoles_games","15.32, 12.76"
2017-10-12,143,53.00,5776.880020141602,40.40,"brinquedos, beleza_saude","15.23, 10.04"
2017-10-11,158,53.00,9115.969996452332,57.70,"brinquedos, informatica_acessorios","18.06, 11.98"
2017-10-10,185,61.00,12228.219924926758,66.10,"pcs, relogios_presentes","24.53, 21.45"
2017-10-09,193,87.00,13515.879926681519,70.03,"relogios_presentes, esporte_lazer","12.18, 10.04"
2017-10-08,126,39.00,5717.360065460205,45.38,"relogios_presentes, automotivo","16.42, 12.24"
2017-10-07,105,40.00,5699.049997329712,54.28,"pcs, automotivo","28.07, 10.35"
2017-10-06,130,47.00,6651.470012664795,51.17,"cool_stuff, beleza_saude","22.32, 13.05"
2017-10-05,140,48.00,7297.879985809326,52.13,"pcs, pet_shop","21.92, 17.40"
2017-10-04,157,53.00,7105.679966926575,45.26,"relogios_presentes, esporte_lazer","18.69, 12.29"
2017-10-03,198,88.00,11443.449987411499,57.80,"automotivo, brinquedos","17.05, 15.43"
2017-10-02,143,55.00,8601.950008392334,60.15,"pcs, relogios_presentes","18.60, 10.79"
2017-10-01,128,49.00,9492.419958114624,74.16,"pcs, cama_mesa_banho","16.86, 16.04"
2017-09-30,109,47.00,5262.190000534058,48.28,"bebes, instrumentos_musicais","18.87, 17.01"
2017-09-29,121,36.00,5895.349966049194,48.72,"relogios_presentes, beleza_saude","43.22, 8.99"
2017-09-28,143,45.00,7609.249982833862,53.21,"pcs, esporte_lazer","21.03, 10.24"
2017-09-27,147,50.00,7271.06000328064,49.46,"pcs, automotivo","22.00, 17.26"
2017-09-26,180,71.00,7633.810012817383,42.41,"eletroportateis, ferramentas_jardim","11.72, 9.82"
2017-09-25,136,53.00,7994.090012550354,58.78,"beleza_saude, cool_stuff","20.35, 15.61"
2017-09-24,118,55.00,4753.8499965667725,40.29,"beleza_saude, cama_mesa_banho","17.72, 15.38"
2017-09-23,88,39.00,3982.8799991607666,45.26,"brinquedos, cool_stuff","28.62, 14.16"
2017-09-22,138,53.00,6157.7600440979,44.62,"moveis_escritorio, beleza_saude","12.85, 11.58"
2017-09-21,150,52.00,7075.7099895477295,47.17,"esporte_lazer, cool_stuff","14.25, 11.45"
2017-09-20,163,52.00,8422.08002281189,51.67,"cama_mesa_banho, esporte_lazer","17.62, 15.30"
2017-09-19,154,55.00,7899.330017089844,51.29,"informatica_acessorios, cool_stuff","24.31, 14.80"
2017-09-18,183,80.00,13121.400081634521,71.70,"esporte_lazer, informatica_acessorios","21.50, 18.44"
2017-09-17,126,51.00,8972.919973373413,71.21,"pcs, cool_stuff","30.09, 11.85"
2017-09-16,129,42.00,10640.71993637085,82.49,"eletroportateis, pcs","27.16, 15.51"
2017-09-15,150,55.00,5474.999979019165,36.50,"ferramentas_jardim, cama_mesa_banho","13.33, 11.68"
2017-09-14,166,52.00,5973.090016841888,35.98,"cama_mesa_banho, beleza_saude","15.52, 13.44"
2017-09-13,207,82.00,12382.67994260788,59.82,"eletroportateis, relogios_presentes","16.93, 8.48"
2017-09-12,206,73.00,11088.509906768799,53.83,"informatica_acessorios, pet_shop","23.24, 7.40"
2017-09-11,180,68.00,8929.949995040894,49.61,"beleza_saude, esporte_lazer","15.62, 14.70"
2017-09-10,136,51.00,7339.080030441284,53.96,"informatica_acessorios, esporte_lazer","16.67, 12.27"
2017-09-09,106,35.00,6466.83996295929,61.01,"beleza_saude, telefonia","35.01, 18.06"
2017-09-08,116,39.00,5574.159996032715,48.05,"esporte_lazer, informatica_acessorios","15.26, 10.21"
2017-09-07,99,25.00,4507.289955615997,45.53,"pcs, cama_mesa_banho","34.39, 14.62"
2017-09-06,140,46.00,14650.730062484741,104.65,"pcs, esporte_lazer","41.97, 12.29"
2017-09-05,157,60.00,9369.639978408813,59.68,"esporte_lazer, pcs","12.81, 12.81"
2017-09-04,150,44.00,8520.710023880005,56.80,"pcs, beleza_saude","25.23, 11.95"
2017-09-03,125,45.00,8774.749895095825,70.20,"relogios_presentes, moveis_escritorio","33.04, 15.12"
2017-09-02,104,46.00,3217.5199909210205,30.94,"bebes, moveis_decoracao","27.57, 10.49"
2017-09-01,158,53.00,10245.689994812012,64.85,"pcs, esporte_lazer","37.09, 10.49"
2017-08-31,149,51.00,8236.009954452515,55.28,"pcs, climatizacao","14.57, 13.72"
2017-08-30,181,70.00,8761.529997825623,48.41,"pcs, cool_stuff","27.39, 10.93"
2017-08-29,137,53.00,12707.360010147095,92.75,"pcs, relogios_presentes","52.33, 9.10"
2017-08-28,155,58.00,6045.520004272461,39.00,"pcs, esporte_lazer","18.20, 9.86"
2017-08-27,119,43.00,5576.950002670288,46.87,"esporte_lazer, cool_stuff","22.28, 18.47"
2017-08-26,93,39.00,3286.970027923584,35.34,"cama_mesa_banho, relogios_presentes","37.43, 16.85"
2017-08-25,123,47.00,6295.1699957847595,51.18,"beleza_saude, cama_mesa_banho","22.74, 17.32"
2017-08-24,128,44.00,4682.089981079102,36.58,"beleza_saude, esporte_lazer","21.63, 15.20"
2017-08-23,112,38.00,6116.979948043823,54.62,"automotivo, moveis_decoracao","36.48, 13.08"
2017-08-22,138,54.00,6634.81004524231,48.08,"cool_stuff, esporte_lazer","20.87, 15.81"
2017-08-21,177,73.00,5851.079996109009,33.06,"informatica_acessorios, relogios_presentes","14.31, 13.02"
2017-08-20,104,31.00,4248.150005340576,40.85,"cama_mesa_banho, relogios_presentes","24.38, 13.11"
2017-08-19,108,38.00,4909.100008010864,45.45,"relogios_presentes, industria_comercio_e_negocios","17.72, 15.24"
2017-08-18,147,56.00,7325.409994125366,49.83,"beleza_saude, moveis_decoracao","25.13, 10.22"
2017-08-17,158,69.00,7227.880020141602,45.75,"cama_mesa_banho, cool_stuff","18.49, 18.18"
2017-08-16,174,60.00,9145.829999923706,52.56,"instrumentos_musicais, cama_mesa_banho","22.40, 14.75"
2017-08-15,194,76.00,8113.280013084412,41.82,"cama_mesa_banho, perfumaria","23.38, 13.87"
2017-08-14,159,61.00,5609.660037994385,35.28,"esporte_lazer, relogios_presentes","18.76, 12.74"
2017-08-13,96,39.00,4161.110015869141,43.34,"beleza_saude, cool_stuff","22.81, 21.20"
2017-08-12,98,31.00,5515.029981613159,56.28,"automotivo, cama_mesa_banho","22.01, 15.63"
2017-08-11,141,61.00,6932.830018997192,49.17,"brinquedos, cama_mesa_banho","17.99, 15.92"
2017-08-10,157,54.00,7728.059996604919,49.22,"esporte_lazer, bebes","25.64, 15.10"
2017-08-09,144,52.00,9706.15993309021,67.40,"automotivo, cama_mesa_banho","26.33, 14.85"
2017-08-08,146,46.00,7446.090000152588,51.00,"cama_mesa_banho, informatica_acessorios","14.84, 13.49"
2017-08-07,157,52.00,9248.480012893677,58.91,"esporte_lazer, beleza_saude","28.02, 14.76"
2017-08-06,109,37.00,3663.3299798965454,33.61,"moveis_decoracao, relogios_presentes","16.29, 12.55"
2017-08-05,115,42.00,4583.320014953613,39.85,"relogios_presentes, moveis_sala","22.17, 9.25"
2017-08-04,142,46.00,6088.550012588501,42.88,"bebes, pet_shop","14.75, 12.04"
2017-08-03,148,60.00,7749.099987983704,52.36,"ferramentas_jardim, cool_stuff","15.85, 10.19"
2017-08-02,157,57.00,8047.119998931885,51.26,"beleza_saude, cama_mesa_banho","24.46, 23.39"
2017-08-01,165,59.00,6198.039985656738,37.56,"beleza_saude, cool_stuff","33.17, 20.35"
2017-07-31,148,49.00,7517.399978637695,50.79,"esporte_lazer, utilidades_domesticas","20.65, 8.98"
2017-07-30,117,51.00,6877.18998670578,58.78,"ferramentas_jardim, esporte_lazer","11.05, 10.32"
2017-07-29,115,36.00,6179.060009002686,53.73,"bebes, moveis_escritorio","14.53, 8.17"
2017-07-28,132,51.00,8423.160036087036,63.81,"beleza_saude, cool_stuff","28.49, 13.16"
2017-07-27,124,49.00,4571.750001907349,36.87,"cama_mesa_banho, brinquedos","12.57, 8.46"
2017-07-26,124,48.00,5706.980037689209,46.02,"cama_mesa_banho, instrumentos_musicais","15.58, 12.09"
2017-07-25,153,56.00,7547.920038223267,49.33,"brinquedos, esporte_lazer","16.29, 13.90"
2017-07-24,162,57.00,7552.260010719299,46.62,"cama_mesa_banho, esporte_lazer","20.01, 15.43"
2017-07-23,105,41.00,3395.300033569336,32.34,"telefonia, moveis_decoracao","25.00, 12.70"
2017-07-22,88,29.00,2590.6800079345703,29.44,"utilidades_domesticas, cama_mesa_banho","19.09, 18.40"
2017-07-21,115,45.00,5300.499978065491,46.09,"bebes, beleza_saude","12.98, 11.45"
2017-07-20,142,56.00,6903.889986991882,48.62,"relogios_presentes, cama_mesa_banho","22.22, 14.84"
2017-07-19,153,60.00,8235.000030517578,53.82,"cama_mesa_banho, informatica_acessorios","19.53, 12.90"
2017-07-18,192,76.00,13472.630000114441,70.17,"automotivo, beleza_saude","15.91, 15.46"
2017-07-17,168,62.00,8852.300022125244,52.69,"cama_mesa_banho, bebes","19.61, 10.48"
2017-07-16,114,43.00,4943.960000991821,43.37,"cama_mesa_banho, esporte_lazer","19.64, 16.05"
2017-07-15,98,45.00,3858.510015487671,39.37,"cama_mesa_banho, cool_stuff","23.80, 9.82"
2017-07-14,149,48.00,7339.42999458313,49.26,"instrumentos_musicais, cama_mesa_banho","20.46, 9.58"
2017-07-13,137,51.00,5251.2600021362305,38.33,"cama_mesa_banho, cool_stuff","23.28, 12.19"
2017-07-12,153,67.00,7391.340001106262,48.31,"cama_mesa_banho, brinquedos","13.64, 13.53"
2017-07-11,165,66.00,7695.060020446777,46.64,"esporte_lazer, utilidades_domesticas","15.89, 12.12"
2017-07-10,143,53.00,6033.689952850342,42.19,"esporte_lazer, cool_stuff","19.46, 15.84"
2017-07-09,94,30.00,3925.8700275421143,41.76,"relogios_presentes, moveis_decoracao","23.15, 17.61"
2017-07-08,84,38.00,4966.759996414185,59.13,"beleza_saude, cool_stuff","20.56, 16.56"
2017-07-07,121,46.00,5304.690023422241,43.84,"relogios_presentes, informatica_acessorios","14.12, 13.23"
2017-07-06,154,61.00,6357.5799922943115,41.28,"cama_mesa_banho, esporte_lazer","15.33, 13.60"
2017-07-05,145,54.00,6762.590006828308,46.64,"cool_stuff, cama_mesa_banho","17.70, 15.37"
2017-07-04,125,56.00,7107.889987945557,56.86,"relogios_presentes, cama_mesa_banho","15.90, 15.13"
2017-07-03,118,48.00,7501.279989242554,63.57,"relogios_presentes, brinquedos","15.76, 12.97"
2017-07-02,108,45.00,6543.860015869141,60.59,"beleza_saude, cama_mesa_banho","16.24, 13.76"
2017-07-01,80,27.00,5747.600038528442,71.85,"cool_stuff, esporte_lazer","19.11, 19.08"
2017-06-30,95,34.00,3894.860019683838,41.00,"cool_stuff, fashion_bolsas_e_acessorios","37.73, 8.99"
2017-06-29,114,44.00,4185.0999965667725,36.71,"esporte_lazer, utilidades_domesticas","14.67, 10.76"
2017-06-28,120,46.00,6898.189970493317,57.48,"moveis_decoracao, cama_mesa_banho","23.57, 14.65"
2017-06-27,141,49.00,7911.140009880066,56.11,"cama_mesa_banho, utilidades_domesticas","17.75, 14.07"
2017-06-26,72,36.00,3658.839988708496,50.82,"ferramentas_jardim, informatica_acessorios","42.14, 20.29"
2017-06-25,105,30.00,8347.430009841919,79.50,"cool_stuff, esporte_lazer","35.88, 10.77"
2017-06-24,76,28.00,2756.420009613037,36.27,"moveis_escritorio, utilidades_domesticas","25.01, 13.73"
2017-06-23,107,39.00,6772.669956207275,63.30,"informatica_acessorios, beleza_saude","22.70, 16.68"
2017-06-22,88,45.00,2238.9600038528442,25.44,"relogios_presentes, beleza_saude","15.32, 14.64"
2017-06-21,35,12.00,3363.5799922943115,96.10,"automotivo, cool_stuff","61.69, 31.56"
2017-06-20,94,31.00,3542.3199977874756,37.68,"utilidades_domesticas, moveis_decoracao","19.38, 16.51"
2017-06-19,156,58.00,9805.090005874634,62.85,"automotivo, consoles_games","21.73, 18.36"
2017-06-18,90,36.00,9368.820016860962,104.10,"eletroportateis, automotivo","28.71, 23.67"
2017-06-17,75,34.00,2984.789991378784,39.80,"perfumaria, cama_mesa_banho","25.61, 19.57"
2017-06-16,97,31.00,2716.9000129699707,28.01,"brinquedos, beleza_saude","26.83, 13.03"
2017-06-15,108,42.00,4471.1400146484375,41.40,"instrumentos_musicais, cama_mesa_banho","26.26, 22.40"
2017-06-14,131,48.00,8674.359964370728,66.22,"automotivo, informatica_acessorios","23.06, 20.75"
2017-06-13,126,47.00,4303.600015640259,34.16,"cool_stuff, perfumaria","24.04, 20.10"
2017-06-12,126,44.00,5671.519962310791,45.01,"utilidades_domesticas, ferramentas_jardim","14.73, 10.63"
2017-06-11,115,51.00,5769.829963684082,50.17,"relogios_presentes, cool_stuff","19.14, 15.85"
2017-06-10,77,34.00,2534.259994506836,32.91,"instrumentos_musicais, beleza_saude","16.57, 13.42"
2017-06-09,108,46.00,7803.329965591431,72.25,"esporte_lazer, relogios_presentes","28.06, 14.82"
2017-06-08,137,56.00,3713.9099922180176,27.11,"esporte_lazer, malas_acessorios","15.10, 12.43"
2017-06-07,129,51.00,4663.200031280518,36.15,"utilidades_domesticas, beleza_saude","17.73, 10.80"
2017-06-06,134,53.00,5306.369983673096,39.60,"cama_mesa_banho, cool_stuff","21.76, 17.32"
2017-06-05,147,58.00,10358.260068893433,70.46,"cool_stuff, beleza_saude","29.59, 12.92"
2017-06-04,102,39.00,4584.1900062561035,44.94,"beleza_saude, eletroportateis","21.77, 18.43"
2017-06-03,89,36.00,3935.2200050354004,44.22,"brinquedos, informatica_acessorios","17.02, 17.00"
2017-06-02,127,45.00,6596.620025634766,51.94,"relogios_presentes, cool_stuff","25.43, 16.49"
2017-06-01,124,49.00,7541.499994277954,60.82,"cool_stuff, relogios_presentes","20.56, 15.22"
2017-05-31,129,47.00,6025.669998168945,46.71,"beleza_saude, perfumaria","27.06, 11.68"
2017-05-30,105,38.00,6056.749979019165,57.68,"brinquedos, beleza_saude","23.92, 15.77"
2017-05-29,160,69.00,7334.140027999878,45.84,"automotivo, relogios_presentes","21.84, 12.09"
2017-05-28,98,47.00,3601.0300092697144,36.75,"cama_mesa_banho, automotivo","28.76, 12.24"
2017-05-27,83,35.00,4848.490015029907,58.42,"beleza_saude, perfumaria","19.69, 19.53"
2017-05-26,80,26.00,3381.7200031280518,42.27,"utilidades_domesticas, esporte_lazer","23.10, 15.96"
2017-05-25,108,34.00,6038.990026473999,55.92,"malas_acessorios, relogios_presentes","20.66, 17.76"
2017-05-24,142,54.00,11650.54999923706,82.05,"artes, cool_stuff","55.78, 10.70"
2017-05-23,125,55.00,7468.579973220825,59.75,"eletroportateis, beleza_saude","11.31, 11.25"
2017-05-22,148,61.00,6755.059995651245,45.64,"beleza_saude, ferramentas_jardim","18.89, 10.86"
2017-05-21,148,57.00,6881.600026607513,46.50,"beleza_saude, relogios_presentes","23.94, 14.97"
2017-05-20,72,25.00,5226.109935760498,72.58,"agro_industria_e_comercio, esporte_lazer","16.65, 12.39"
2017-05-19,144,56.00,6535.840047836304,45.39,"informatica_acessorios, utilidades_domesticas","16.39, 14.33"
2017-05-18,125,49.00,5174.059978485107,41.39,"relogios_presentes, informatica_acessorios","21.63, 9.85"
2017-05-17,141,60.00,4441.199994564056,31.50,"moveis_sala, informatica_acessorios","14.75, 10.96"
2017-05-16,153,57.00,7570.34002494812,49.48,"malas_acessorios, relogios_presentes","16.55, 13.58"
2017-05-15,157,62.00,10030.709957122803,63.89,"relogios_presentes, moveis_quarto","14.41, 14.36"
2017-05-14,112,48.00,5159.030048370361,46.06,"relogios_presentes, construcao_ferramentas_jardim","25.72, 11.63"
2017-05-13,73,25.00,2188.2299880981445,29.98,"perfumaria, moveis_escritorio","16.44, 11.61"
2017-05-12,115,49.00,5989.920011520386,52.09,"moveis_decoracao, beleza_saude","16.65, 12.11"
2017-05-11,126,41.00,4382.7900390625,34.78,"informatica_acessorios, beleza_saude","14.09, 10.79"
2017-05-10,116,33.00,9673.069952011108,83.39,"informatica_acessorios, pet_shop","51.04, 19.97"
2017-05-09,128,45.00,6691.129961967468,52.27,"informatica_acessorios, beleza_saude","21.73, 10.13"
2017-05-08,124,48.00,5990.969950675964,48.31,"relogios_presentes, agro_industria_e_comercio","11.00, 9.85"
2017-05-07,111,39.00,5493.580011367798,49.49,"malas_acessorios, moveis_decoracao","21.81, 11.28"
2017-05-06,109,46.00,5063.159999847412,46.45,"esporte_lazer, ferramentas_jardim","17.84, 17.12"
2017-05-05,111,39.00,5069.600009918213,45.67,"beleza_saude, relogios_presentes","27.44, 9.39"
2017-05-04,109,39.00,5257.79998588562,48.24,"ferramentas_jardim, eletronicos","23.16, 12.80"
2017-05-03,103,34.00,3104.7599925994873,30.14,"eletrodomesticos_2, cama_mesa_banho","14.17, 12.02"
2017-05-02,128,35.00,7015.719966888428,54.81,"informatica_acessorios, ferramentas_jardim","14.71, 9.89"
2017-05-01,117,43.00,3389.7700157165527,28.97,", moveis_decoracao","20.05, 16.47"
2017-04-30,68,25.00,3270.449993133545,48.09,"esporte_lazer, ferramentas_jardim","19.81, 19.80"
2017-04-29,74,25.00,3503.720006942749,47.35,"pet_shop, informatica_acessorios","18.83, 14.08"
2017-04-28,98,35.00,6627.88002204895,67.63,"eletronicos, automotivo","26.23, 16.60"
2017-04-27,80,27.00,3225.5000228881836,40.32,"esporte_lazer, perfumaria","20.55, 18.29"
2017-04-26,125,45.00,4248.110040664673,33.98,"moveis_escritorio, beleza_saude","14.38, 14.14"
2017-04-25,111,36.00,6894.340032577515,62.11,"moveis_decoracao, relogios_presentes","19.60, 14.47"
2017-04-24,115,42.00,7783.789995193481,67.69,"ferramentas_jardim, beleza_saude","25.09, 14.64"
2017-04-23,88,37.00,3862.390016555786,43.89,"beleza_saude, informatica_acessorios","31.25, 10.59"
2017-04-22,84,32.00,5813.390016555786,69.21,"esporte_lazer, brinquedos","35.53, 14.74"
2017-04-21,68,25.00,3254.6499757766724,47.86,"moveis_decoracao, eletroportateis","36.72, 13.73"
2017-04-20,98,29.00,3681.620023727417,37.57,", cama_mesa_banho","15.55, 13.78"
2017-04-19,97,34.00,5356.249965667725,55.22,"cama_mesa_banho, cool_stuff","12.35, 11.00"
2017-04-18,71,25.00,5571.04994392395,78.47,"eletroportateis, perfumaria","17.95, 17.73"
2017-04-17,65,19.00,3815.519956588745,58.70,"beleza_saude, moveis_decoracao","14.81, 14.04"
2017-04-16,49,15.00,2252.569990158081,45.97,"esporte_lazer, beleza_saude","25.58, 15.98"
2017-04-15,52,18.00,3105.6699924468994,59.72,", automotivo","29.07, 20.25"
2017-04-14,54,20.00,2741.7999868392944,50.77,"relogios_presentes, eletrodomesticos_2","16.93, 14.59"
2017-04-13,60,27.00,3328.359977722168,55.47,"moveis_decoracao, construcao_ferramentas_ferramentas","24.04, 21.90"
2017-04-12,63,29.00,2693.459988117218,42.75,"esporte_lazer, cool_stuff","15.95, 15.59"
2017-04-11,78,29.00,3948.9299926757812,50.63,"informatica_acessorios, cool_stuff","30.66, 17.67"
2017-04-10,87,33.00,6117.370008468628,70.31,"relogios_presentes, automotivo","22.48, 17.15"
2017-04-09,73,25.00,3901.989974975586,53.45,"esporte_lazer, beleza_saude","19.96, 17.43"
2017-04-08,68,31.00,3840.099995136261,56.47,"relogios_presentes, esporte_lazer","36.93, 14.71"
2017-04-07,85,32.00,2518.530014038086,29.63,"esporte_lazer, ferramentas_jardim","18.02, 14.29"
2017-04-06,96,32.00,9546.240046024323,99.44,"ferramentas_jardim, relogios_presentes","28.18, 16.70"
2017-04-05,96,34.00,10086.129972457886,105.06,"informatica_acessorios, dvds_blu_ray","29.26, 14.08"
2017-04-04,96,31.00,3199.3199939727783,33.33,"esporte_lazer, moveis_decoracao","16.32, 11.07"
2017-04-03,72,21.00,2001.0999870300293,27.79,"moveis_escritorio, cama_mesa_banho","31.58, 24.40"
2017-04-02,65,22.00,2516.6400032043457,38.72,"cama_mesa_banho, moveis_escritorio","45.51, 14.27"
2017-04-01,68,26.00,8051.440008163452,118.40,"eletroportateis, perfumaria","59.60, 11.37"
2017-03-31,70,31.00,4259.69998550415,60.85,"ferramentas_jardim, brinquedos","51.65, 6.76"
2017-03-30,74,25.00,4045.080015182495,54.66,"cool_stuff, telefonia_fixa","15.75, 13.84"
2017-03-29,74,34.00,3483.8299884796143,47.08,"ferramentas_jardim, cama_mesa_banho","19.09, 10.72"
2017-03-28,103,38.00,4497.49002456665,43.66,"brinquedos, fashion_bolsas_e_acessorios","16.45, 8.42"
2017-03-27,111,50.00,8833.39988899231,79.58,"informatica_acessorios, eletroportateis","37.87, 10.18"
2017-03-26,64,26.00,2011.7300052642822,31.43,"moveis_decoracao, automotivo","22.77, 13.42"
2017-03-25,76,30.00,2936.3500003814697,38.64,"pet_shop, esporte_lazer","30.55, 12.28"
2017-03-24,79,30.00,3054.54998588562,38.67,"cama_mesa_banho, utilidades_domesticas","20.12, 15.06"
2017-03-23,114,42.00,6538.69989824295,57.36,"informatica_acessorios, cool_stuff","35.57, 15.87"
2017-03-22,105,32.00,6775.260080337524,64.53,"relogios_presentes, cool_stuff","29.33, 12.37"
2017-03-21,97,39.00,4504.15998840332,46.43,"esporte_lazer, eletronicos","30.87, 11.08"
2017-03-20,119,48.00,4053.6499938964844,34.06,"beleza_saude, perfumaria","15.95, 11.35"
2017-03-19,56,14.00,2984.210006713867,53.29,"perfumaria, beleza_saude","30.62, 13.40"
2017-03-18,73,26.00,7862.4099798202515,107.70,"pet_shop, esporte_lazer","31.77, 12.32"
2017-03-17,65,22.00,5641.510040283203,86.79,"relogios_presentes, moveis_escritorio","23.05, 12.03"
2017-03-16,103,34.00,6645.109975814819,64.52,"automotivo, informatica_acessorios","18.82, 8.84"
2017-03-15,108,32.00,4839.739986419678,44.81,"relogios_presentes, beleza_saude","13.43, 12.36"
2017-03-14,99,40.00,6170.229984283447,62.33,"eletroportateis, utilidades_domesticas","26.48, 17.33"
2017-03-13,111,41.00,4854.440029144287,43.73,"beleza_saude, cool_stuff","21.54, 15.63"
2017-03-12,64,21.00,2860.9800004959106,44.70,"moveis_decoracao, beleza_saude","16.73, 15.50"
2017-03-11,71,24.00,5421.410038471222,76.36,"climatizacao, cama_mesa_banho","16.05, 14.28"
2017-03-10,88,33.00,5755.2999629974365,65.40,"ferramentas_jardim, informatica_acessorios","21.72, 20.30"
2017-03-09,93,35.00,4620.919958114624,49.69,"eletroportateis, beleza_saude","25.77, 11.90"
2017-03-08,79,28.00,5355.1399002075195,67.79,"informatica_acessorios, consoles_games","57.79, 6.53"
2017-03-07,82,26.00,3194.180013656616,38.95,"relogios_presentes, cama_mesa_banho","14.72, 13.42"
2017-03-06,105,48.00,5391.640007972717,51.35,"dvds_blu_ray, moveis_escritorio","26.34, 10.27"
2017-03-05,74,31.00,3070.099997520447,41.49,"esporte_lazer, moveis_decoracao","25.21, 21.68"
2017-03-04,80,28.00,3315.230007171631,41.44,"moveis_decoracao, instrumentos_musicais","15.67, 14.78"
2017-03-03,74,34.00,7138.120055198669,96.46,"ferramentas_jardim, cool_stuff","20.31, 16.77"
2017-03-02,72,27.00,6160.02000617981,85.56,"esporte_lazer, climatizacao","43.02, 14.45"
2017-03-01,99,38.00,4930.960006713867,49.81,"esporte_lazer, cama_mesa_banho","45.30, 14.74"
2017-02-28,55,18.00,3106.160026550293,56.48,"cool_stuff, brinquedos","37.63, 23.82"
2017-02-27,43,16.00,2047.2100038528442,47.61,"moveis_decoracao, moveis_sala","23.66, 16.11"
2017-02-26,46,24.00,2535.240032196045,55.11,"automotivo, moveis_decoracao","47.33, 15.91"
2017-02-25,43,14.00,1879.9499912261963,43.72,"moveis_decoracao, relogios_presentes","26.92, 22.02"
2017-02-24,64,24.00,2930.9399757385254,45.80,"beleza_saude, perfumaria","28.03, 24.22"
2017-02-23,59,20.00,2104.260036468506,35.67,"moveis_decoracao, esporte_lazer","24.50, 22.63"
2017-02-22,63,24.00,3261.1399879455566,51.76,"ferramentas_jardim, cool_stuff","34.31, 16.07"
2017-02-21,41,16.00,6683.169997215271,163.00,"pcs, esporte_lazer","53.10, 14.72"
2017-02-20,63,15.00,2605.179983139038,41.35,"beleza_saude, moveis_decoracao","31.72, 15.38"
2017-02-19,40,15.00,2012.4399738311768,50.31,"brinquedos, automotivo","18.88, 18.62"
2017-02-18,54,15.00,3103.109956741333,57.46,"cama_mesa_banho, ferramentas_jardim","16.17, 16.10"
2017-02-17,46,21.00,3338.4300022125244,72.57,"ferramentas_jardim, climatizacao","32.56, 20.67"
2017-02-16,55,20.00,2172.0199966430664,39.49,"esporte_lazer, utilidades_domesticas","23.25, 12.84"
2017-02-15,62,20.00,2685.329996109009,43.31,"ferramentas_jardim, moveis_decoracao","21.11, 15.97"
2017-02-14,76,31.00,5968.249950885773,78.53,"cama_mesa_banho, informatica_acessorios","21.27, 15.41"
2017-02-13,78,27.00,4499.2300090789795,57.68,"esporte_lazer, perfumaria","34.00, 10.44"
2017-02-12,64,27.00,3326.439971923828,51.98,"perfumaria, ferramentas_jardim","17.73, 13.09"
2017-02-11,49,21.00,1892.4000082015991,38.62,"moveis_escritorio, esporte_lazer","52.66, 17.90"
2017-02-10,66,31.00,6908.229970932007,104.67,"informatica_acessorios, cama_mesa_banho","59.23, 9.65"
2017-02-09,77,31.00,3366.8600087165833,43.73,"moveis_escritorio, moveis_decoracao","20.79, 14.90"
2017-02-08,95,34.00,5018.339996337891,52.82,"relogios_presentes, automotivo","26.36, 15.72"
2017-02-07,112,49.00,5901.950019836426,52.70,"esporte_lazer, informatica_acessorios","20.27, 13.75"
2017-02-06,85,29.00,3222.350019454956,37.91,"cool_stuff, consoles_games","16.07, 12.41"
2017-02-05,75,29.00,2530.140022277832,33.74,"moveis_escritorio, moveis_decoracao","35.43, 17.65"
2017-02-04,67,22.00,4090.0399646759033,61.05,"beleza_saude, moveis_sala","26.51, 19.46"
2017-02-03,60,18.00,2413.310019493103,40.22,"telefonia, moveis_escritorio","39.73, 16.99"
2017-02-02,69,30.00,5326.439973831177,77.19,"cool_stuff, relogios_presentes","19.74, 12.66"
2017-02-01,73,31.00,4533.690006732941,62.11,"cool_stuff, moveis_decoracao","27.86, 15.80"
2017-01-31,70,27.00,2974.5400199890137,42.49,"beleza_saude, relogios_presentes","19.90, 14.89"
2017-01-30,53,22.00,4771.359979629517,90.03,"pcs, beleza_saude","46.11, 21.22"
2017-01-29,35,9.00,1667.8899955749512,47.65,"esporte_lazer, malas_acessorios","23.10, 14.38"
2017-01-28,29,7.00,3942.260021209717,135.94,"cool_stuff, bebes","22.04, 16.97"
2017-01-27,62,20.00,4043.8000288009644,65.22,"informatica_acessorios, beleza_saude","49.88, 12.14"
2017-01-26,86,29.00,6727.569997787476,78.23,"esporte_lazer, relogios_presentes","36.44, 19.31"
2017-01-25,63,27.00,3569.4699754714966,56.66,"cool_stuff, perfumaria","25.72, 22.51"
2017-01-24,40,14.00,2886.2399673461914,72.16,"automotivo, brinquedos","28.81, 24.60"
2017-01-23,39,18.00,3837.3799991607666,98.39,"ferramentas_jardim, esporte_lazer","22.57, 22.39"
2017-01-22,31,14.00,1241.170009613037,40.04,"beleza_saude, pet_shop","68.07, 12.00"
2017-01-21,24,7.00,949.9999923706055,39.58,"moveis_decoracao, cama_mesa_banho","51.73, 44.18"
2017-01-20,29,11.00,1750.9999923706055,60.38,"automotivo, beleza_saude","26.26, 19.98"
2017-01-19,29,8.00,1251.4500122070312,43.15,"moveis_decoracao, bebes","39.23, 11.99"
2017-01-18,33,10.00,708.4599952697754,21.47,"relogios_presentes, esporte_lazer","26.68, 23.70"
2017-01-17,32,13.00,1162.5700035095215,36.33,"relogios_presentes, brinquedos","32.60, 15.47"
2017-01-16,19,8.00,1831.9500188827515,96.42,"cool_stuff, moveis_decoracao","34.33, 24.32"
2017-01-15,14,6.00,1158.5899810791016,82.76,"ferramentas_jardim, beleza_saude","32.80, 30.20"
2017-01-14,18,11.00,522.1000080108643,29.01,"moveis_decoracao, esporte_lazer","50.66, 35.97"
2017-01-13,12,3.00,1763.7899932861328,146.98,"ferramentas_jardim, utilidades_domesticas","64.63, 28.29"
2017-01-12,13,4.00,508.49999237060547,39.12,"moveis_decoracao, bebes","81.55, 11.78"
2017-01-11,12,6.00,137.4000015258789,11.45,"bebes, moveis_decoracao","87.26, 12.74"
2017-01-10,6,3.00,556.0,92.67,"ferramentas_jardim, cool_stuff","68.35, 31.65"
2017-01-09,5,1.00,238.9000015258789,47.78,"esporte_lazer, beleza_saude","54.00, 46.00"
2017-01-08,6,2.00,250.88999366760254,41.81,"ferramentas_jardim, telefonia_fixa","95.62, 4.38"
2017-01-07,4,2.00,798.0,199.50,cool_stuff,"100.00"
2017-01-06,4,0.00,120.39000129699707,30.10,"consoles_games, telefonia_fixa","91.29, 8.71"
2017-01-05,32,10.00,181.899995803833,5.68,"ferramentas_jardim, fashion_bolsas_e_acessorios","35.73, 23.97"
2016-12-23,1,0.00,10.899999618530273,10.90,fashion_bolsas_e_acessorios,"100.00"
2016-10-22,1,1.00,,,,
2016-10-10,39,14.00,1662.6099872589111,42.63,"moveis_decoracao, beleza_saude","54.89, 16.28"
2016-10-09,26,17.00,242.09000778198242,9.31,"moveis_decoracao, perfumaria","36.06, 24.74"
2016-10-08,42,10.00,4460.72996711731,106.21,"relogios_presentes, moveis_decoracao","45.92, 14.97"
2016-10-07,46,17.00,2050.089994430542,44.57,"ferramentas_jardim, perfumaria","28.78, 16.58"
2016-10-06,51,16.00,3286.509983062744,64.44,"esporte_lazer, beleza_saude","42.87, 9.34"
2016-10-05,47,20.00,4906.370044708252,104.39,"eletronicos, brinquedos","24.44, 18.12"
2016-10-04,63,19.00,3363.760000228882,53.39,"beleza_saude, moveis_decoracao","25.23, 16.01"
2016-10-03,8,3.00,412.0799980163574,51.51,"moveis_decoracao, brinquedos","47.27, 31.28"
2016-10-02,1,1.00,,,,
2016-09-15,1,0.00,134.9700050354004,134.97,beleza_saude,"100.00"
2016-09-13,1,0.00,,,,
2016-09-05,1,0.00,59.5,59.50,telefonia,"100.00"
2016-09-04,1,0.00,,,,
